Takim,Sezon,Kadro_Sayisi,Ortalama_Yas,Yabanci_Oyuncu_Sayisi,Kaleci_Sayisi,Kaleci_Toplam_Deger_Euro,Kaleci_Ortalama_Deger_Euro,Defans_Sayisi,Defans_Toplam_Deger_Euro,Defans_Ortalama_Deger_Euro,Ortasaha_Sayisi,Ortasaha_Toplam_Deger_Euro,Ortasaha_Ortalama_Deger_Euro,Forvet_Sayisi,Forvet_Toplam_Deger_Euro,Forvet_Ortalama_Deger_Euro,Ortalama_Piyasa_Degeri_Euro,Toplam_Piyasa_Degeri_Euro
Fenerbahçe,2004-2005,27,25.3,6,3,8500000,2833333.3333333335,12,29500000,2458333.3333333335,3,12850000,4283333.333333333,9,39750000,4416666.666666667,3360000,90600000
Galatasaray,2004-2005,32,26.5,10,4,5750000,1437500,12,29750000,2479166.6666666665,7,13000000,1857142.857142857,9,31150000,3461111.111111111,2490000,79650000
Beşiktaş,2004-2005,33,27,8,3,4000000,1333333.3333333333,14,28500000,2035714.2857142857,7,20500000,2928571.4285714286,9,23250000,2583333.3333333335,2310000,76250000
Trabzonspor,2004-2005,29,25.2,7,3,2550000,850000,15,27000000,1800000,4,6250000,1562500,7,27800000,3971428.5714285714,2190000,63600000
Gençlerbirliği,2004-2005,33,25.9,7,3,3500000,1166666.6666666667,14,19500000,1392857.142857143,8,8750000,1093750,8,15200000,1900000,1420000,46950000
Gaziantepspor,2004-2005,32,24.8,6,3,2350000,783333.3333333334,16,16350000,1021875,7,8900000,1271428.5714285714,6,11000000,1833333.3333333333,1210000,38600000
Konyaspor,2004-2005,29,28.2,8,3,2500000,833333.3333333334,15,14200000,946666.6666666666,4,7750000,1937500,7,12800000,1828571.4285714289,1280000,37250000
Samsunspor,2004-2005,37,25.9,8,4,1900000,475000,16,11100000,693750,10,11650000,1165000,7,10000000,1428571.4285714286,936000,34650000
Malatyaspor,2004-2005,32,26.3,9,3,1750000,583333.3333333334,12,14050000,1170833.3333333333,8,8300000,1037500,9,9850000,1094444.4444444445,1060000,33950000
Ankaragücü,2004-2005,42,25.5,10,5,2205000,441000,16,10100000,631250,14,9650000,689285.7142857143,7,10800000,1542857.142857143,780000,32759999.999999996
BB Ankaraspor,2004-2005,37,25.9,8,5,2350000,470000,16,17750000,1109375,7,4550000,650000,9,8100000,900000,885000,32750000
Kayserispor,2004-2005,38,26.6,8,5,1750000,350000,19,15925000,838157.8947368421,7,5550000,792857.1428571428,7,6800000,971428.5714285716,790000,30030000
İstanbulspor,2004-2005,34,26,9,3,2400000,800000,12,7600000,633333.3333333334,8,7650000,956250,11,9900000,900000,810000,27550000
Denizlispor,2004-2005,30,25.7,7,3,2450000,816666.6666666666,13,11090000,853076.9230769231,9,6700000,744444.4444444445,5,7000000,1400000,908000,27240000
A.Sebatspor,2004-2005,36,27.2,5,3,2025000,675000,15,10550000,703333.3333333334,8,7900000,987500,10,6250000,625000,742000,26730000
Diyarbakırspor,2004-2005,31,27.5,7,3,1050000,350000,13,10000000,769230.7692307692,5,3750000,750000,10,8125000,812500,740000,22930000
Ç. Rizespor,2004-2005,29,26.5,7,3,1330000,443333.3333333333,15,9870000,658000,3,3300000,1100000,8,8350000,1043750,788000,22850000
Sakaryaspor,2004-2005,32,25.6,7,4,1450000,362500,9,4500000,500000,9,4550000,505555.5555555555,10,4350000,435000,464000,14850000
Fenerbahçe,2005-2006,25,25.8,5,3,4400000,1466666.6666666667,12,29700000,2475000,3,11600000,3866666.6666666665,7,27300000,3900000,2920000,73000000
Beşiktaş,2005-2006,40,26,9,5,3350000,670000,14,22500000,1607142.857142857,9,22200000,2466666.6666666665,12,21600000,1800000,1740000,69650000
Galatasaray,2005-2006,35,25.2,6,3,4250000,1416666.6666666667,15,25650000,1710000,8,12100000,1512500,9,22950000,2550000,1860000,64950000
Trabzonspor,2005-2006,35,25.2,9,4,3710000,927500,17,22775000,1339705.8823529412,4,9300000,2325000,10,28350000,2835000,1830000,64140000
Ankaraspor,2005-2006,39,25.7,8,6,2300000,383333.3333333333,19,18075000,951315.7894736842,7,3300000,471428.5714285714,7,8850000,1264285.7142857143,834000,32530000
Gaziantepspor,2005-2006,39,24.7,11,4,2650000,662500,18,14500000,805555.5555555555,9,6450000,716666.6666666666,8,8600000,1075000,826000,32200000.000000004
Denizlispor,2005-2006,35,26.3,9,5,1985000,397000,14,11300000,807142.8571428572,8,6800000,850000,8,9120000,1140000,834000,29210000
Konyaspor,2005-2006,31,26.8,7,4,1600000,400000,12,10000000,833333.3333333334,7,5270000,752857.1428571428,8,11650000,1456250,920000,28520000
Ankaragücü,2005-2006,43,26,10,4,2275000,568750,18,11500000,638888.8888888889,12,4330000,360833.3333333333,9,9050000,1005555.5555555556,632000,27160000
Samsunspor,2005-2006,37,25.9,11,4,2250000,562500,14,7885000,563214.2857142857,11,7900000,718181.8181818182,8,7750000,968750,697000,25790000
Gençlerbirliği,2005-2006,34,24.9,9,4,2850000,712500,13,11200000,861538.4615384615,12,7625000,635416.6666666666,5,4000000,800000,755000,25680000
Malatyaspor,2005-2006,37,25.8,10,3,1425000,475000,19,12150000,639473.6842105263,5,3900000,780000,10,7600000,760000,678000,25080000
Kayserispor,2005-2006,34,24.1,6,5,2300000,460000,16,8600000,537500,6,7550000,1258333.3333333333,7,4975000,710714.2857142857,689000,23430000
Manisaspor,2005-2006,41,25.3,9,5,1050000,210000,14,8095000,578214.2857142857,11,7875000,715909.0909090909,11,5850000,531818.1818181818,558000,22870000
K. Erciyesspor,2005-2006,33,27.2,8,4,1530000,382500,14,8450000,603571.4285714285,10,7875000,787500,5,4900000,980000,690000,22760000
Diyarbakırspor,2005-2006,38,28,8,5,3450000,690000,11,6925000,629545.4545454546,13,7430000,571538.4615384615,9,4170000,463333.3333333333,578000,21980000
Sivasspor,2005-2006,34,26.5,9,4,3250000,812500,15,9195000,613000,7,3900000,557142.8571428572,8,4800000,600000,622000,21150000
Ç. Rizespor,2005-2006,34,26.3,9,3,1425000,475000,15,5845000,389666.6666666667,8,5850000,731250,8,4300000,537500,512000,17420000
Fenerbahçe,2006-2007,34,26,7,4,5400000,1350000,15,46550000,3103333.3333333335,4,17300000,4325000,11,44950000,4086363.636363636,3360000,114200000
Galatasaray,2006-2007,33,26,6,3,4830000,1610000,14,30100000,2150000,8,11050000,1381250,8,30900000,3862500,2330000,76880000
Beşiktaş,2006-2007,31,24.2,7,5,4550000,910000,13,28400000,2184615.3846153845,4,18950000,4737500,9,18170000,2018888.888888889,2260000,70070000
Trabzonspor,2006-2007,30,26.5,9,3,3550000,1183333.3333333333,17,31850000,1873529.4117647056,3,9700000,3233333.3333333335,7,22300000,3185714.285714286,2250000,67400000
Ankaraspor,2006-2007,35,25.2,8,4,3850000,962500,14,15500000,1107142.857142857,8,10250000,1281250,9,10300000,1144444.4444444445,1140000,39900000
Ankaragücü,2006-2007,37,25.3,7,5,3700000,740000,14,12900000,921428.5714285716,10,10790000,1079000,8,10400000,1300000,1020000,37790000
Sivasspor,2006-2007,35,27.1,10,5,2550000,510000,16,20350000,1271875,5,4500000,900000,9,9750000,1083333.3333333333,1060000,37150000
Manisaspor,2006-2007,35,24.3,8,4,2250000,562500,12,14400000,1200000,9,10800000,1200000,10,9650000,965000,1060000,37100000
Sakaryaspor,2006-2007,42,26,8,4,3650000,912500,16,13850000,865625,7,7200000,1028571.4285714284,15,11950000,796666.6666666666,873000,36650000
Konyaspor,2006-2007,32,26.3,11,3,2000000,666666.6666666666,14,13650000,975000,7,11800000,1685714.2857142857,8,9000000,1125000,1140000,36450000
Kayserispor,2006-2007,31,25.9,9,5,2050000,410000,13,15550000,1196153.8461538462,6,8650000,1441666.6666666667,7,9400000,1342857.142857143,1150000,35650000
Gençlerbirliği,2006-2007,32,24.3,8,3,2800000,933333.3333333334,16,16475000,1029687.5,4,2400000,600000,9,13850000,1538888.888888889,1110000,35530000
K. Erciyesspor,2006-2007,34,27.2,8,5,3600000,720000,18,17400000,966666.6666666666,4,4250000,1062500,7,10100000,1442857.142857143,1040000,35350000
Gaziantepspor,2006-2007,31,26.1,9,4,3950000,987500,14,15570000,1112142.857142857,6,6850000,1141666.6666666667,7,7025000,1003571.4285714284,1080000,33400000
Bursaspor,2006-2007,31,25.6,4,3,1600000,533333.3333333334,15,14900000,993333.3333333334,4,2650000,662500,9,10800000,1200000,966000,29950000
Denizlispor,2006-2007,35,26.3,9,3,2250000,750000,18,14150000,786111.1111111111,6,5525000,920833.3333333334,8,8000000,1000000,855000,29930000
Ç. Rizespor,2006-2007,39,25.5,9,5,1275000,255000,18,12675000,704166.6666666666,6,5500000,916666.6666666666,10,6550000,655000,667000,26000000
Antalyaspor,2006-2007,29,26.8,7,4,650000,162500,11,12910000,1173636.3636363635,6,4425000,737500,8,7450000,931250,877000,25440000
Fenerbahçe,2007-2008,32,25.8,9,5,5500000,1100000,15,51200000,3413333.3333333335,6,21200000,3533333.3333333335,6,17300000,2883333.3333333335,2980000,95200000
Galatasaray,2007-2008,33,25.1,8,3,4100000,1366666.6666666667,14,38400000,2742857.1428571427,8,17100000,2137500,8,26750000,3343750,2620000,86350000
Beşiktaş,2007-2008,37,24.9,10,4,5200000,1300000,16,30950000,1934375,3,9500000,3166666.6666666665,14,32550000,2325000,2110000,78200000
Trabzonspor,2007-2008,34,26.4,8,4,3700000,925000,18,23200000,1288888.888888889,3,4800000,1600000,9,24200000,2688888.888888889,1640000,55900000
Manisaspor,2007-2008,37,25,11,4,4300000,1075000,16,17000000,1062500,7,10900000,1557142.857142857,10,13800000,1380000,1240000,46000000
Sivasspor,2007-2008,36,25.6,12,4,3700000,925000,16,17450000,1090625,7,7550000,1078571.4285714286,9,15150000,1683333.3333333333,1220000,43850000
Ankaraspor,2007-2008,39,25.5,9,5,3500000,700000,15,13350000,890000,9,11000000,1222222.2222222222,10,15850000,1585000,1120000,43700000
Büyükşehir Bld,2007-2008,34,27.2,7,3,3100000,1033333.3333333334,17,16050000,944117.6470588236,5,6200000,1240000,9,14600000,1622222.2222222222,1180000,39950000
Kayserispor,2007-2008,30,25.1,6,4,2600000,650000,14,16900000,1207142.857142857,5,7200000,1440000,7,11800000,1685714.2857142857,1280000,38500000
Bursaspor,2007-2008,42,24.9,12,5,2400000,480000,20,17900000,895000,6,5150000,858333.3333333334,11,11850000,1077272.7272727273,888000,37300000
Konyaspor,2007-2008,35,26,13,4,3200000,800000,15,14300000,953333.3333333334,8,11150000,1393750,8,8400000,1050000,1060000,37050000
Gaziantepspor,2007-2008,41,26.2,11,4,2150000,537500,13,10500000,807692.3076923077,12,10750000,895833.3333333334,12,12600000,1050000,878000,36000000
Gençlerbirliği,2007-2008,42,24.7,12,5,2600000,520000,21,15100000,719047.619047619,4,6100000,1525000,12,12050000,1004166.6666666666,854000,35850000
Denizlispor,2007-2008,36,25.6,8,5,2600000,520000,20,20250000,1012500,6,5400000,900000,5,3700000,740000,888000,31950000
Ankaragücü,2007-2008,38,25.9,11,3,2300000,766666.6666666666,19,13850000,728947.3684210526,9,5650000,627777.7777777778,7,8950000,1278571.4285714286,809000,30750000
Ç. Rizespor,2007-2008,42,25.4,8,5,3350000,670000,22,15000000,681818.1818181818,4,3800000,950000,11,7200000,654545.4545454546,699000,29350000
GB Oftaşspor,2007-2008,36,23.5,8,5,2050000,410000,15,13350000,890000,7,5500000,785714.2857142857,9,6550000,727777.7777777778,763000,27450000
Kasımpaşa,2007-2008,38,26.5,9,3,1600000,533333.3333333334,14,10100000,721428.5714285715,10,5350000,535000,11,5150000,468181.8181818182,584000,22200000
Galatasaray,2008-2009,33,26,8,4,8000000,2000000,14,47400000,3385714.285714286,4,18200000,4550000,11,46000000,4181818.1818181816,3620000,119600000
Fenerbahçe,2008-2009,36,25.9,10,3,6100000,2033333.3333333333,15,40350000,2690000,9,24250000,2694444.4444444445,9,36050000,4005555.555555555,2970000,106750000
Beşiktaş,2008-2009,28,26.9,12,3,3000000,1000000,14,39000000,2785714.285714286,3,11700000,3900000,8,29850000,3731250,2980000,83550000
Trabzonspor,2008-2009,28,24.7,9,4,5650000,1412500,12,23800000,1983333.3333333333,3,10300000,3433333.3333333335,9,17500000,1944444.4444444445,2040000,57250000
Sivasspor,2008-2009,35,26.5,10,3,2800000,933333.3333333334,15,13850000,923333.3333333334,9,7100000,788888.8888888889,8,12950000,1618750,1050000,36700000
Ankaraspor,2008-2009,34,25.2,11,5,2850000,570000,13,12050000,926923.0769230768,8,10850000,1356250,8,9625000,1203125,1040000,35380000
Kayserispor,2008-2009,31,25.1,9,3,1650000,550000,12,14000000,1166666.6666666667,9,8850000,983333.3333333334,7,9050000,1292857.142857143,1080000,33549999.999999996
Ankaragücü,2008-2009,40,26.4,7,6,2450000,408333.3333333333,16,11750000,734375,8,6400000,800000,10,9350000,935000,749000,29950000
Bursaspor,2008-2009,37,25.8,12,3,2150000,716666.6666666666,15,11700000,780000,6,7500000,1250000,13,8150000,626923.0769230769,797000,29500000
Gençlerbirliği,2008-2009,37,25,10,5,2250000,450000,17,14900000,876470.5882352941,9,4650000,516666.6666666667,6,5500000,916666.6666666666,738000,27300000
Konyaspor,2008-2009,35,27.4,10,4,1700000,425000,16,15100000,943750,7,3700000,528571.4285714285,8,6400000,800000,769000,26900000
Kocaelispor,2008-2009,47,27.3,12,3,1600000,533333.3333333334,25,12900000,516000,10,4700000,470000,9,7600000,844444.4444444445,570000,26800000
Gaziantepspor,2008-2009,33,25,7,5,1125000,225000,11,11000000,1000000,9,8575000,952777.7777777778,8,5650000,706250,798000,26350000
Eskişehirspor,2008-2009,37,25.9,8,3,1300000,433333.3333333333,16,9800000,612500,6,4750000,791666.6666666666,12,9100000,758333.3333333334,674000,24950000
Büyükşehir Bld,2008-2009,31,26.4,7,3,2650000,883333.3333333334,15,12150000,810000,6,2800000,466666.6666666667,7,7300000,1042857.1428571428,803000,24900000
Denizlispor,2008-2009,35,25.7,12,5,2850000,570000,16,10950000,684375,5,2150000,430000,9,5850000,650000,623000,21800000
Hacettepe,2008-2009,39,24.1,13,3,1350000,450000,20,12150000,607500,6,1900000,316666.6666666667,10,5900000,590000,546000,21300000
Antalyaspor,2008-2009,35,26.7,9,4,1550000,387500,15,10250000,683333.3333333334,6,3250000,541666.6666666666,10,5700000,570000,593000,20750000
Galatasaray,2009-2010,50,24.6,11,6,6150000,1025000,22,46550000,2115909.090909091,6,17700000,2950000,16,58825000,3676562.5,2580000,129230000
Fenerbahçe,2009-2010,32,26.2,9,4,9900000,2475000,13,42150000,3242307.6923076925,9,41700000,4633333.333333333,6,25700000,4283333.333333333,3730000,119450000
Beşiktaş,2009-2010,34,26.1,13,5,3500000,700000,14,41300000,2950000,6,15900000,2650000,9,32900000,3655555.555555555,2750000,93600000
Trabzonspor,2009-2010,30,25.8,9,3,4000000,1333333.3333333333,12,23600000,1966666.6666666667,6,20450000,3408333.3333333335,9,18900000,2100000,2230000,66950000
Bursaspor,2009-2010,35,25.9,10,3,2800000,933333.3333333334,12,17000000,1416666.6666666667,7,10800000,1542857.142857143,13,21150000,1626923.076923077,1480000,51750000
Ankaragücü,2009-2010,57,26.2,19,6,3350000,558333.3333333334,20,15950000,797500,15,14400000,960000,16,11000000,687500,784000,44700000
Kayserispor,2009-2010,34,24.4,10,4,1250000,312500,15,16600000,1106666.6666666667,8,4250000,531250,7,16400000,2342857.1428571427,1130000,38500000
Sivasspor,2009-2010,38,26.3,12,4,1350000,337500,15,12850000,856666.6666666666,10,8100000,810000,9,11350000,1261111.111111111,886000,33650000
Gaziantepspor,2009-2010,34,26.6,11,6,1850000,308333.3333333333,14,10100000,721428.5714285715,6,10100000,1683333.3333333333,8,10400000,1300000,954000,32450000.000000004
Gençlerbirliği,2009-2010,33,24.6,12,3,2250000,750000,17,14900000,876470.5882352941,4,2050000,512500,9,9800000,1088888.888888889,879000,29000000
Eskişehirspor,2009-2010,38,25.5,8,3,1450000,483333.3333333333,15,10200000,680000,6,3850000,641666.6666666666,14,9200000,657142.8571428572,650000,24700000
Büyükşehir Bld,2009-2010,32,26.7,7,4,2450000,612500,14,13100000,935714.2857142856,5,1300000,260000,9,7150000,794444.4444444445,750000,24000000
Antalyaspor,2009-2010,29,27.5,6,4,1150000,287500,12,11350000,945833.3333333334,5,2500000,500000,8,8950000,1118750,826000,23950000
Ankaraspor,2009-2010,41,23.9,7,5,2250000,450000,15,6700000,446666.6666666667,11,4600000,418181.8181818182,10,6700000,670000,494000,20250000
Kasımpaşa,2009-2010,38,28,10,4,1150000,287500,16,9650000,603125,8,4950000,618750,10,4450000,445000,532000,20200000
Manisaspor,2009-2010,35,25.8,9,4,1150000,287500,16,8475000,529687.5,5,5100000,1020000,10,5150000,515000,568000,19880000
Denizlispor,2009-2010,39,26.2,10,3,1150000,383333.3333333333,20,10200000,510000,6,1450000,241666.66666666663,10,5550000,555000,471000,18350000
Diyarbakırspor,2009-2010,44,28.2,16,5,2150000,430000,22,9300000,422727.2727272727,4,1350000,337500,13,4950000,380769.2307692307,403000,17750000
Fenerbahçe,2010-2011,36,26.2,11,6,11000000,1833333.3333333333,12,49300000,4108333.3333333335,8,38250000,4781250,10,42100000,4210000,3910000,140650000
Beşiktaş,2010-2011,44,26.7,17,4,4850000,1212500,19,48150000,2534210.5263157897,11,25000000,2272727.272727273,10,50250000,5025000,2910000,128250000
Galatasaray,2010-2011,38,25.8,12,5,3100000,620000,15,45500000,3033333.3333333335,7,22800000,3257142.8571428573,11,46050000,4186363.636363636,3090000,117450000
Trabzonspor,2010-2011,31,26,9,3,5050000,1683333.3333333333,13,25575000,1967307.6923076925,6,22800000,3800000,9,26950000,2994444.4444444445,2590000,80380000
Bursaspor,2010-2011,36,25.7,12,3,2500000,833333.3333333334,14,19950000,1425000,6,12900000,2150000,13,30200000,2323076.923076923,1820000,65550000
Kayserispor,2010-2011,33,25,13,4,1400000,350000,8,11400000,1425000,11,13350000,1213636.3636363635,10,13650000,1365000,1210000,39800000
Gaziantepspor,2010-2011,33,25.7,10,4,1700000,425000,11,14800000,1345454.5454545454,8,10850000,1356250,10,10950000,1095000,1160000,38300000
Ankaragücü,2010-2011,38,26.4,12,4,1850000,462500,13,10250000,788461.5384615385,9,9200000,1022222.2222222222,12,16150000,1345833.3333333333,986000,37450000
Büyükşehir Bld,2010-2011,34,26.5,7,3,2600000,866666.6666666666,15,13550000,903333.3333333334,4,3750000,937500,12,15350000,1279166.6666666667,1040000,35250000
Gençlerbirliği,2010-2011,37,24.9,14,3,2250000,750000,14,14950000,1067857.142857143,5,3300000,660000,15,12400000,826666.6666666666,889000,32900000
Eskişehirspor,2010-2011,31,26.4,10,3,1500000,500000,11,11850000,1077272.7272727273,5,5650000,1130000,12,11750000,979166.6666666666,992000,30750000
Sivasspor,2010-2011,37,27.3,15,6,1950000,325000,16,11100000,693750,8,6050000,756250,7,11200000,1600000,819000,30300000
Manisaspor,2010-2011,35,26.6,11,3,1050000,350000,16,8600000,537500,6,3050000,508333.3333333333,10,12450000,1245000,719000,25150000
Antalyaspor,2010-2011,27,28.3,6,3,1200000,400000,14,11800000,842857.1428571428,2,1550000,775000,8,8800000,1100000,865000,23350000
Konyaspor,2010-2011,46,26.6,16,5,1900000,380000,20,11950000,597500,9,3650000,405555.5555555555,12,5500000,458333.3333333333,500000,23000000
Kardemir Karabük,2010-2011,34,27.9,9,4,850000,212500,17,10150000,597058.8235294118,6,4100000,683333.3333333334,7,6200000,885714.2857142857,626000,21300000
Bucaspor,2010-2011,48,25.8,13,5,1500000,300000,21,8775000,417857.1428571429,5,450000,90000,17,10225000,601470.5882352941,436000,20950000
Kasımpaşa,2010-2011,33,26.1,11,4,900000,225000,13,8200000,630769.2307692308,4,3550000,887500,12,4550000,379166.6666666667,521000,17200000
Fenerbahçe,2011-2012,31,26.3,9,4,11350000,2837500,11,48450000,4404545.454545454,9,34100000,3788888.888888889,7,38600000,5514285.714285715,4270000,132500000
Galatasaray,2011-2012,32,26.7,8,3,13900000,4633333.333333333,11,44200000,4018181.8181818184,7,32150000,4592857.142857143,11,34250000,3113636.363636364,3890000,124500000
Beşiktaş,2011-2012,30,26.8,16,3,5600000,1866666.6666666667,12,42650000,3554166.6666666665,7,22550000,3221428.5714285714,8,36350000,4543750,3570000,107150000
Trabzonspor,2011-2012,34,27,14,4,9650000,2412500,12,30800000,2566666.6666666665,9,30100000,3344444.4444444445,9,29400000,3266666.6666666665,2940000,99950000
Bursaspor,2011-2012,37,25.4,14,4,4600000,1150000,16,25150000,1571875,6,9200000,1533333.3333333333,11,23850000,2168181.8181818184,1700000,62800000
Gaziantepspor,2011-2012,32,25.7,10,4,3700000,925000,13,17950000,1380769.2307692308,7,13150000,1878571.4285714289,8,16050000,2006250,1590000,50850000
Kayserispor,2011-2012,32,23.9,12,4,3000000,750000,11,18550000,1686363.6363636365,6,10800000,1800000,11,15400000,1400000,1490000,47750000
Eskişehirspor,2011-2012,29,27.1,10,3,950000,316666.6666666667,12,19350000,1612500,3,1500000,500000,11,18350000,1668181.818181818,1380000,40150000
Sivasspor,2011-2012,32,26.5,14,5,2600000,520000,13,14900000,1146153.8461538462,7,9100000,1300000,7,11625000,1660714.2857142857,1190000,38230000
İstanbul BBSK,2011-2012,31,27.5,10,3,1500000,500000,14,14150000,1010714.2857142856,4,7600000,1900000,10,14400000,1440000,1210000,37650000
Orduspor,2011-2012,34,26.9,11,3,2350000,783333.3333333334,16,14950000,934375,4,5950000,1487500,11,10700000,972727.2727272728,999000,33950000
Kardemir Karabük,2011-2012,47,26.7,12,5,2000000,400000,22,14350000,652272.7272727273,7,4450000,635714.2857142857,13,10300000,792307.6923076923,662000,31100000
Manisaspor,2011-2012,32,26,11,3,1050000,350000,13,12850000,988461.5384615384,6,4400000,733333.3333333334,10,12700000,1270000,969000,31000000
Gençlerbirliği,2011-2012,32,25.6,9,3,1250000,416666.6666666667,13,11850000,911538.4615384616,6,7200000,1200000,10,10525000,1052500,963000,30830000
Antalyaspor,2011-2012,33,28.6,7,4,1600000,400000,13,12900000,992307.6923076924,5,4450000,890000,11,11700000,1063636.3636363635,929000,30650000
Samsunspor,2011-2012,40,25.8,12,3,1350000,450000,17,11075000,651470.5882352941,9,7625000,847222.2222222222,11,7750000,704545.4545454546,695000,27800000
Mersin İY,2011-2012,32,28.1,16,3,2150000,716666.6666666666,10,5400000,540000,7,5950000,850000,12,10650000,887500,755000,24150000
Ankaragücü,2011-2012,46,23.7,6,6,1100000,183333.33333333337,19,11300000,594736.8421052631,10,5025000,502500,11,4400000,400000,474000,21830000
Galatasaray,2012-2013,33,28.6,12,4,16600000,4150000,11,39100000,3554545.4545454546,8,50700000,6337500,10,45700000,4570000,4610000,152100000
Fenerbahçe,2012-2013,38,26.2,11,5,8900000,1780000,14,56750000,4053571.4285714286,10,36200000,3620000,9,40200000,4466666.666666667,3740000,142050000
Beşiktaş,2012-2013,34,24.9,10,3,6850000,2283333.3333333335,12,29450000,2454166.6666666665,9,29050000,3227777.777777778,10,27850000,2785000,2740000,93200000
Trabzonspor,2012-2013,32,26.6,13,3,10550000,3516666.6666666665,14,23550000,1682142.857142857,7,24300000,3471428.5714285714,8,18950000,2368750,2420000,77350000
Bursaspor,2012-2013,43,24.7,13,4,4950000,1237500,18,29900000,1661111.111111111,11,18600000,1690909.0909090908,10,14650000,1465000,1580000,68100000
Kasımpaşa,2012-2013,31,27.6,12,3,3350000,1116666.6666666667,14,17150000,1225000,5,9000000,1800000,9,15800000,1755555.5555555555,1460000,45300000
Eskişehirspor,2012-2013,34,25.4,12,4,1450000,362500,13,19950000,1534615.3846153845,6,5150000,858333.3333333334,11,18650000,1695454.5454545454,1330000,45200000
Gaziantepspor,2012-2013,38,25.4,13,5,3300000,660000,15,15850000,1056666.6666666667,7,13000000,1857142.857142857,11,13050000,1186363.6363636365,1190000,45200000
Gençlerbirliği,2012-2013,35,24.9,11,3,2350000,783333.3333333334,13,22400000,1723076.923076923,7,5450000,778571.4285714285,12,14750000,1229166.6666666667,1280000,44950000
Kayserispor,2012-2013,33,24.5,14,4,3200000,800000,15,20500000,1366666.6666666667,6,7150000,1191666.6666666667,8,11750000,1468750,1290000,42600000
Sivasspor,2012-2013,35,27.1,13,5,2400000,480000,13,13625000,1048076.9230769232,9,12350000,1372222.2222222222,8,12700000,1587500,1170000,41080000
İstanbul BBSK,2012-2013,32,27.5,13,3,3850000,1283333.3333333333,15,10850000,723333.3333333334,4,6900000,1725000,10,15350000,1535000,1150000,36950000
Antalyaspor,2012-2013,34,25.9,9,4,1450000,362500,15,9500000,633333.3333333334,6,7900000,1316666.6666666667,9,12900000,1433333.3333333333,934000,31750000
Kardemir Karabük,2012-2013,36,27.7,10,3,1750000,583333.3333333334,15,11100000,740000,10,5250000,525000,8,12800000,1600000,858000,30900000
Mersin İY,2012-2013,53,27.1,18,6,2000000,333333.3333333333,18,9700000,538888.8888888889,10,6500000,650000,19,10850000,571052.6315789474,548000,29050000
Orduspor,2012-2013,37,25.7,10,4,2625000,656250,21,14525000,691666.6666666666,4,2050000,512500,8,9250000,1156250,769000,28450000
Elazığspor,2012-2013,43,28,13,5,550000,110000,17,7275000,427941.17647058825,9,3100000,344444.44444444444,12,5750000,479166.6666666667,388000,16680000
Akhisar Belediye,2012-2013,36,26.8,9,4,550000,137500,16,5750000,359375,5,2100000,420000,11,4925000,447727.2727272727,370000,13330000
Galatasaray,2013-2014,45,26.7,16,4,17050000,4262500,15,64750000,4316666.666666667,12,50200000,4183333.3333333335,14,51800000,3700000,4080000,183800000
Fenerbahçe,2013-2014,39,26.1,12,5,7750000,1550000,16,53000000,3312500,9,31600000,3511111.111111111,9,54600000,6066666.666666667,3770000,146950000
Beşiktaş,2013-2014,47,25.1,14,5,6450000,1290000,19,38000000,2000000,11,27750000,2522727.272727273,12,38100000,3175000,2350000,110300000
Trabzonspor,2013-2014,35,26.9,11,5,15900000,3180000,14,31600000,2257142.8571428573,6,22050000,3675000,10,25750000,2575000,2720000,95300000
Bursaspor,2013-2014,42,25,12,5,3550000,710000,14,27900000,1992857.142857143,9,14125000,1569444.4444444445,14,14700000,1050000,1440000,60280000
Eskişehirspor,2013-2014,47,25,14,4,2700000,675000,21,29750000,1416666.6666666667,13,9925000,763461.5384615385,9,9900000,1100000,1110000,52280000
Kasımpaşa,2013-2014,33,26.5,9,3,3225000,1075000,18,18950000,1052777.7777777778,3,10800000,3600000,9,16550000,1838888.888888889,1500000,49530000
Antalyaspor,2013-2014,49,26.3,14,6,3450000,575000,20,18850000,942500,10,9500000,950000,13,14200000,1092307.6923076925,939000,46000000
Gençlerbirliği,2013-2014,46,24.2,16,7,4300000,614285.7142857143,17,19975000,1175000,6,5400000,900000,16,16200000,1012500,997000,45880000
Kayserispor,2013-2014,36,24.4,16,4,5300000,1325000,15,18050000,1203333.3333333333,7,8050000,1150000,10,13450000,1345000,1250000,44850000
Sivasspor,2013-2014,35,27,13,5,3250000,650000,11,16900000,1536363.6363636365,7,9050000,1292857.142857143,12,14125000,1177083.3333333333,1240000,43330000
Karabükspor,2013-2014,34,26.4,10,3,2400000,800000,16,19175000,1198437.5,5,4900000,980000,10,14950000,1495000,1220000,41430000
Gaziantepspor,2013-2014,36,26.9,12,4,2700000,675000,14,10825000,773214.2857142857,8,11050000,1381250,10,13200000,1320000,1050000,37780000
K. Erciyesspor,2013-2014,40,27.4,14,4,2650000,662500,15,12250000,816666.6666666666,10,8150000,815000,11,10625000,965909.0909090908,842000,33680000
Ç. Rizespor,2013-2014,44,26.1,13,5,1550000,310000,17,12700000,747058.8235294118,6,5050000,841666.6666666666,16,11600000,725000,702000,30900000
Konyaspor,2013-2014,41,26.1,13,3,2050000,683333.3333333334,17,9825000,577941.1764705882,11,6575000,597727.2727272727,10,9400000,940000,679000,27850000
Elazığspor,2013-2014,45,26.2,15,4,1100000,275000,21,6400000,304761.90476190473,7,5900000,842857.1428571428,13,9600000,738461.5384615385,511000,23000000
Akhisar Belediye,2013-2014,39,26.6,10,5,750000,150000,19,8600000,452631.5789473684,4,1925000,481250,11,7950000,722727.2727272727,493000,19230000
Galatasaray,2014-2015,34,26.9,10,4,18600000,4650000,12,42800000,3566666.6666666665,9,38900000,4322222.222222222,9,41900000,4655555.555555556,4179999.999999999,142200000
Beşiktaş,2014-2015,38,24.6,11,6,6500000,1083333.3333333333,13,33100000,2546153.846153846,10,27875000,2787500,9,50450000,5605555.555555556,3100000,117930000
Fenerbahçe,2014-2015,37,26.3,9,4,8000000,2000000,18,48850000,2713888.888888889,7,12875000,1839285.7142857143,8,35600000,4450000,2850000,105330000
Trabzonspor,2014-2015,37,26,10,5,12350000,2470000,16,31250000,1953125,8,21450000,2681250,8,31750000,3968750,2620000,96800000
Bursaspor,2014-2015,33,25.3,11,4,4000000,1000000,15,27050000,1803333.3333333333,7,26200000,3742857.1428571423,7,23450000,3350000,2450000,80700000
Eskişehirspor,2014-2015,38,25.2,9,3,4700000,1566666.6666666667,19,23875000,1256578.9473684211,9,13150000,1461111.111111111,7,13900000,1985714.2857142857,1460000,55630000
Kasımpaşa,2014-2015,32,25.8,10,3,1950000,650000,18,17400000,966666.6666666666,2,10000000,5000000,9,21900000,2433333.3333333335,1600000,51250000
Başakşehir,2014-2015,33,28.2,11,3,7450000,2483333.3333333335,14,19350000,1382142.857142857,8,5300000,662500,8,15100000,1887500,1430000,47200000
Gençlerbirliği,2014-2015,35,25.8,13,4,4100000,1025000,16,19100000,1193750,3,2650000,883333.3333333334,12,20550000,1712500,1330000,46400000
Ç. Rizespor,2014-2015,33,26.3,11,3,1400000,466666.6666666667,13,15950000,1226923.076923077,7,5350000,764285.7142857143,10,14450000,1445000,1130000,37150000
Sivasspor,2014-2015,29,28.3,8,3,3800000,1266666.6666666667,11,14500000,1318181.818181818,5,7950000,1590000,10,9650000,965000,1240000,35900000
Gaziantepspor,2014-2015,34,25.6,14,3,1800000,600000,12,11500000,958333.3333333334,7,4600000,657142.8571428572,12,15850000,1320833.3333333333,993000,33750000
Karabükspor,2014-2015,33,25.9,10,4,2550000,637500,15,14725000,981666.6666666666,4,6450000,1612500,10,9100000,910000,995000,32830000
Konyaspor,2014-2015,30,27.4,12,5,3650000,730000,11,11775000,1070454.5454545454,8,7250000,906250,6,10150000,1691666.6666666667,1090000,32830000
Akhisar Belediye,2014-2015,40,27.6,13,4,950000,237500,18,17050000,947222.2222222222,6,4650000,775000,12,8450000,704166.6666666666,778000,31100000
K. Erciyesspor,2014-2015,40,25.7,12,3,1950000,650000,18,10550000,586111.1111111111,6,6500000,1083333.3333333333,13,10675000,821153.8461538461,742000,29680000
Mersin İY,2014-2015,33,27,14,5,2800000,560000,12,8250000,687500,6,3050000,508333.3333333333,10,10100000,1010000,733000,24200000
Balıkesirspor,2014-2015,35,26,11,5,1275000,255000,18,12950000,719444.4444444445,2,2000000,1000000,10,7300000,730000,672000,23530000
Fenerbahçe,2015-2016,40,25.9,14,5,8900000,1780000,18,58750000,3263888.888888889,6,17050000,2841666.6666666665,11,84100000,7645454.545454546,4220000,168800000
Beşiktaş,2015-2016,36,26,15,5,6150000,1230000,15,34300000,2286666.6666666665,6,35000000,5833333.333333333,10,52500000,5250000,3550000,127950000
Galatasaray,2015-2016,34,27,12,4,17050000,4262500,12,44550000,3712500,9,29000000,3222222.222222222,9,26625000,2958333.3333333335,3450000,117230000
Trabzonspor,2015-2016,50,25,14,5,9450000,1890000,21,45200000,2152380.9523809524,13,21150000,1626923.076923077,11,31500000,2863636.363636364,2150000,107300000
Bursaspor,2015-2016,42,25.4,17,5,6750000,1350000,13,19200000,1476923.076923077,11,25350000,2304545.4545454546,13,29700000,2284615.3846153845,1930000,81000000
Kasımpaşa,2015-2016,33,26.6,14,3,3650000,1216666.6666666667,15,18850000,1256666.6666666667,6,15550000,2591666.6666666665,9,17600000,1955555.5555555555,1690000,55650000
Başakşehir,2015-2016,30,27.7,9,4,8450000,2112500,14,22700000,1621428.5714285714,5,3600000,720000,7,19350000,2764285.714285714,1800000,54100000
Antalyaspor,2015-2016,48,26.6,19,5,2150000,430000,21,19800000,942857.1428571428,9,9000000,1000000,13,16600000,1276923.076923077,991000,47550000
Osmanlıspor FK,2015-2016,38,28.1,17,5,1150000,230000,17,21500000,1264705.8823529412,5,4900000,980000,11,17050000,1550000,1170000,44600000
Kayserispor,2015-2016,32,25.9,14,5,2950000,590000,14,17700000,1264285.7142857143,5,8500000,1700000,8,10200000,1275000,1230000,39350000
Eskişehirspor,2015-2016,47,25.4,19,4,3200000,800000,20,19675000,983750,12,8400000,700000,11,7300000,663636.3636363636,821000,38580000
Gaziantepspor,2015-2016,40,25,14,3,1500000,500000,15,14600000,973333.3333333334,10,5500000,550000,12,16700000,1391666.6666666667,958000,38300000
Gençlerbirliği,2015-2016,36,26.8,14,4,2050000,512500,16,14850000,928125,5,2450000,490000,11,18000000,1636363.6363636365,1040000,37350000
Ç. Rizespor,2015-2016,29,25.8,11,3,2050000,683333.3333333334,13,17000000,1307692.3076923075,4,2650000,662500,9,14950000,1661111.111111111,1260000,36650000
Konyaspor,2015-2016,33,27.4,15,5,2550000,510000,12,16350000,1362500,10,10650000,1065000,6,6500000,1083333.3333333333,1090000,36050000
Akhisar Belediye,2015-2016,34,28.4,12,4,2050000,512500,14,16100000,1150000,5,2350000,470000,11,14250000,1295454.5454545454,1020000,34750000
Sivasspor,2015-2016,34,28.4,13,3,1550000,516666.6666666667,15,13600000,906666.6666666666,6,7150000,1191666.6666666667,10,9750000,975000,943000,32049999.999999996
Mersin İY,2015-2016,35,26.5,11,4,2000000,500000,15,7625000,508333.3333333333,7,3550000,507142.8571428571,9,8500000,944444.4444444444,619000,21680000
Beşiktaş,2016-2017,45,26.8,22,5,4900000,980000,19,37375000,1967105.2631578948,7,37975000,5425000,14,56550000,4039285.714285714,3040000,136800000
Fenerbahçe,2016-2017,38,26.2,14,4,3450000,862500,18,47150000,2619444.4444444445,7,12600000,1800000,9,40750000,4527777.777777778,2740000,103950000
Galatasaray,2016-2017,39,26.5,14,5,12050000,2410000,18,31150000,1730555.5555555555,6,13800000,2300000,10,31350000,3135000,2270000,88350000
Başakşehir,2016-2017,38,27.9,14,4,6350000,1587500,15,22100000,1473333.3333333333,8,3850000,481250,11,27700000,2518181.8181818184,1580000,60000000
Trabzonspor,2016-2017,32,26.4,14,4,6600000,1650000,15,26000000,1733333.3333333333,5,9950000,1990000,8,17300000,2162500,1870000,59850000
Osmanlıspor FK,2016-2017,43,26.5,20,5,1650000,330000,18,19600000,1088888.888888889,8,11150000,1393750,12,15900000,1325000,1120000,48300000
Bursaspor,2016-2017,38,26,12,5,5600000,1120000,17,12900000,758823.5294117647,7,5050000,721428.5714285715,9,12150000,1350000,939000,35700000
Gençlerbirliği,2016-2017,47,25.5,19,4,2775000,693750,17,14000000,823529.4117647059,10,5850000,585000,16,12150000,759375,740000,34780000
Kayserispor,2016-2017,36,26.4,18,3,2750000,916666.6666666666,20,15900000,795000,4,4350000,1087500,9,11350000,1261111.111111111,954000,34350000
Akhisar Belediye,2016-2017,38,28.2,16,4,1250000,312500,18,15650000,869444.4444444445,4,3550000,887500,12,12750000,1062500,874000,33200000.000000004
Kasımpaşa,2016-2017,36,24.8,13,4,1800000,450000,13,10250000,788461.5384615385,8,9450000,1181250,11,11050000,1004545.4545454546,904000,32549999.999999996
Konyaspor,2016-2017,30,26.8,13,3,1800000,600000,14,18500000,1321428.5714285714,6,3600000,600000,7,7900000,1128571.4285714286,1060000,31800000
Alanyaspor,2016-2017,37,27,20,3,550000,183333.33333333337,17,13400000,788235.2941176471,9,8575000,952777.7777777778,8,9250000,1156250,859000,31780000
Antalyaspor,2016-2017,37,26.8,17,4,1500000,375000,18,13150000,730555.5555555555,4,5150000,1287500,11,9200000,836363.6363636364,784000,29000000
Ç. Rizespor,2016-2017,40,24.1,16,5,1875000,375000,14,10225000,730357.1428571428,5,3450000,690000,16,13200000,825000,719000,28750000
Gaziantepspor,2016-2017,40,26.2,20,5,2500000,500000,14,7250000,517857.1428571429,11,5825000,529545.4545454546,10,9100000,910000,617000,24680000
Karabükspor,2016-2017,41,27.3,20,4,650000,162500,19,9650000,507894.7368421053,5,3175000,635000,13,9100000,700000,551000,22580000
Adanaspor,2016-2017,34,25.2,14,4,2050000,512500,14,5750000,410714.28571428574,9,3575000,397222.22222222225,7,4500000,642857.1428571428,467000,15880000
Beşiktaş,2017-2018,40,27.4,21,5,5600000,1120000,15,31850000,2123333.3333333335,5,37950000,7590000,15,47150000,3143333.3333333335,3060000,122550000
Galatasaray,2017-2018,41,25.9,18,5,6550000,1310000,23,54300000,2360869.565217391,6,15850000,2641666.6666666665,7,19350000,2764285.714285714,2340000,96050000
Fenerbahçe,2017-2018,35,27.3,16,5,1275000,255000,13,29250000,2250000,10,23050000,2305000,7,21350000,3050000,2140000,74930000
Trabzonspor,2017-2018,34,26.5,14,4,3300000,825000,16,20300000,1268750,6,27400000,4566666.666666667,8,13550000,1693750,1900000,64550000
Başakşehir,2017-2018,33,29.2,14,4,3550000,887500,12,15950000,1329166.6666666667,4,1650000,412500,13,30650000,2357692.3076923075,1570000,51800000
Bursaspor,2017-2018,44,25.6,21,3,3000000,1000000,18,14400000,800000,9,4600000,511111.1111111111,14,9900000,707142.8571428572,725000,31900000
Antalyaspor,2017-2018,36,28.1,17,4,1000000,250000,14,8900000,635714.2857142857,8,10350000,1293750,10,9900000,990000,838000,30150000
Alanyaspor,2017-2018,38,27.3,20,4,950000,237500,16,10000000,625000,8,8875000,1109375,10,9350000,935000,768000,29180000
Konyaspor,2017-2018,35,27.6,18,4,1300000,325000,14,11600000,828571.4285714285,7,5550000,792857.1428571428,10,7825000,782500,751000,26280000
Osmanlıspor FK,2017-2018,43,27.5,19,3,700000,233333.33333333337,16,6325000,395312.5,10,6225000,622500,14,12250000,875000,593000,25500000
Göztepe,2017-2018,37,26.6,18,4,850000,212500,16,10550000,659375,8,4550000,568750,9,8650000,961111.1111111112,665000,24600000
Kasımpaşa,2017-2018,32,25.7,15,4,1250000,312500,10,6650000,665000,7,4400000,628571.4285714285,11,11500000,1045454.5454545454,744000,23800000
Sivasspor,2017-2018,35,27.7,16,3,900000,300000,14,8525000,608928.5714285715,8,4675000,584375,10,8825000,882500,655000,22930000
Kayserispor,2017-2018,33,27,17,4,2050000,512500,14,8650000,617857.1428571428,4,2250000,562500,11,9700000,881818.1818181818,686000,22650000
Y. Malatyaspor,2017-2018,36,26.9,16,3,800000,266666.6666666667,14,7175000,512500,7,4325000,617857.1428571428,12,6425000,535416.6666666666,520000,18730000
Akhisarspor,2017-2018,32,28.6,12,4,850000,212500,15,9350000,623333.3333333334,3,2400000,800000,10,6000000,600000,581000,18600000
Gençlerbirliği,2017-2018,35,27,18,4,1200000,300000,17,8650000,508823.5294117647,3,1850000,616666.6666666666,11,5200000,472727.2727272727,483000,16900000
Karabükspor,2017-2018,44,27.8,20,4,525000,131250,22,7200000,327272.7272727273,3,350000,116666.66666666669,15,6675000,445000,335000,14750000
Galatasaray,2018-2019,43,25.9,19,3,4150000,1383333.3333333333,20,61700000,3085000,8,17950000,2243750,12,46000000,3833333.3333333335,3020000,129800000
Fenerbahçe,2018-2019,47,26.6,20,5,3500000,700000,21,33625000,1601190.4761904762,11,39075000,3552272.727272727,10,27300000,2730000,2200000,103500000
Beşiktaş,2018-2019,42,27.1,18,4,5450000,1362500,16,27725000,1732812.5,6,24775000,4129166.6666666665,16,19800000,1237500,1850000,77750000
Trabzonspor,2018-2019,38,25.4,13,6,2325000,387500,14,12550000,896428.5714285715,9,37325000,4147222.222222222,9,8100000,900000,1590000,60300000
Başakşehir,2018-2019,42,28.7,22,4,4250000,1062500,17,15075000,886764.7058823529,6,4450000,741666.6666666666,15,30850000,2056666.6666666667,1300000,54630000
Alanyaspor,2018-2019,34,28.7,17,3,450000,150000,14,22850000,1632142.857142857,7,11000000,1571428.5714285714,10,5150000,515000,1160000,39450000
Kasımpaşa,2018-2019,35,24.7,16,5,2550000,510000,15,8550000,570000,5,4050000,810000,10,19200000,1920000,981000,34350000
Ç. Rizespor,2018-2019,45,26.3,21,6,1400000,233333.33333333337,20,16425000,821250,7,3000000,428571.4285714286,12,8675000,722916.6666666666,656000,29500000
Bursaspor,2018-2019,38,25.2,14,4,3500000,875000,18,13800000,766666.6666666666,5,3150000,630000,11,7700000,700000,741000,28150000
Y. Malatyaspor,2018-2019,47,25.6,15,4,600000,150000,16,6050000,378125,13,8700000,669230.7692307692,14,9400000,671428.5714285715,527000,24750000
Sivasspor,2018-2019,30,28.8,14,3,750000,250000,11,8975000,815909.0909090909,5,1775000,355000,11,11600000,1054545.4545454546,770000,23100000
Konyaspor,2018-2019,41,27,18,4,825000,206250,23,14025000,609782.6086956522,7,4650000,664285.7142857143,7,3025000,432142.8571428571,549000,22530000
Antalyaspor,2018-2019,44,26.2,14,4,800000,200000,20,7025000,351250,9,3450000,383333.3333333333,11,9950000,904545.4545454546,482000,21230000
Ankaragücü,2018-2019,50,28.2,26,5,1275000,255000,21,7175000,341666.6666666667,7,2175000,310714.28571428574,17,10450000,614705.8823529412,422000,21080000
Kayserispor,2018-2019,34,26.1,13,4,1625000,406250,13,5925000,455769.2307692307,8,6275000,784375,9,5550000,616666.6666666666,570000,19380000
Göztepe,2018-2019,37,26.6,17,4,900000,225000,13,7200000,553846.1538461539,8,3475000,434375,12,7675000,639583.3333333334,520000,19250000
BB Erzurumspor,2018-2019,35,27.9,17,3,1100000,366666.6666666667,12,5650000,470833.3333333333,5,1275000,255000,15,8000000,533333.3333333334,458000,16030000.000000002
Akhisarspor,2018-2019,39,28.3,16,4,450000,112500,21,6675000,317857.14285714284,7,1500000,214285.7142857143,7,3150000,450000,302000,11780000
Galatasaray,2019-2020,42,26.6,21,4,4750000,1187500,20,57825000,2891250,7,13925000,1989285.7142857143,11,28625000,2602272.727272727,2500000,105130000
Trabzonspor,2019-2020,42,24.8,17,4,10250000,2562500,19,24075000,1267105.2631578948,8,21075000,2634375,11,31625000,2875000,2070000,87030000
Fenerbahçe,2019-2020,39,26.3,14,6,6400000,1066666.6666666667,16,24875000,1554687.5,9,10150000,1127777.7777777778,8,34475000,4309375,1950000,75900000
Beşiktaş,2019-2020,37,26.5,17,4,3600000,900000,16,28375000,1773437.5,5,14225000,2845000,12,17050000,1420833.3333333333,1710000,63250000
Başakşehir,2019-2020,38,28.8,20,3,4350000,1450000,17,13750000,808823.5294117647,5,6750000,1350000,13,29000000,2230769.230769231,1420000,53850000
Kasımpaşa,2019-2020,48,25.7,20,4,700000,175000,21,13100000,623809.5238095238,8,9300000,1162500,15,6900000,460000,625000,30000000
Sivasspor,2019-2020,31,28.8,15,4,3000000,750000,14,10100000,721428.5714285715,5,4075000,815000,8,10125000,1265625,881000,27300000
Ç. Rizespor,2019-2020,37,25.9,19,4,1650000,412500,16,9175000,573437.5,4,3550000,887500,13,8300000,638461.5384615385,613000,22680000
Y. Malatyaspor,2019-2020,37,27.2,16,5,525000,105000,13,5800000,446153.8461538461,9,9300000,1033333.3333333334,10,6700000,670000,603000,22330000
Kayserispor,2019-2020,58,25.5,20,7,1000000,142857.14285714287,24,7475000,311458.3333333333,13,7575000,582692.3076923077,14,5525000,394642.8571428571,372000,21580000
Alanyaspor,2019-2020,34,28.5,13,5,950000,190000,13,9250000,711538.4615384615,6,4550000,758333.3333333334,10,6550000,655000,626000,21300000
Konyaspor,2019-2020,38,27.2,18,4,700000,175000,23,10600000,460869.5652173913,4,4400000,1100000,7,4525000,646428.5714285715,532000,20230000
Gaziantep FK,2019-2020,33,27.7,15,4,1325000,331250,13,7200000,553846.1538461539,9,5850000,650000,7,5725000,817857.1428571428,609000,20100000
Antalyaspor,2019-2020,49,26.1,16,3,525000,175000,20,8850000,442500,11,1700000,154545.45454545456,15,8075000,538333.3333333334,391000,19150000
Göztepe,2019-2020,37,27.5,15,4,700000,175000,14,6750000,482142.8571428571,8,3575000,446875,11,6200000,563636.3636363636,466000,17230000
Denizlispor,2019-2020,34,27.8,14,5,975000,195000,16,7925000,495312.5,4,1800000,450000,9,5250000,583333.3333333334,469000,15950000
Gençlerbirliği,2019-2020,35,26.9,16,7,1750000,250000,16,6025000,376562.5,4,1550000,387500,8,4425000,553125,393000,13750000
Ankaragücü,2019-2020,46,26.8,18,5,675000,135000,21,4700000,223809.52380952385,6,775000,129166.66666666669,14,5700000,407142.8571428571,258000,11850000
Fenerbahçe,2020-2021,44,27,20,4,14450000,3612500,19,37625000,1980263.1578947369,10,27425000,2742500,11,35950000,3268181.8181818184,2620000,115450000
Galatasaray,2020-2021,36,27.2,20,4,4875000,1218750,15,45900000,3060000,5,22600000,4520000,12,34250000,2854166.6666666665,2990000,107630000
Beşiktaş,2020-2021,35,26.2,18,3,6150000,2050000,16,36200000,2262500,5,12250000,2450000,11,49900000,4536363.636363637,2990000,104500000
Trabzonspor,2020-2021,43,24.6,17,6,19800000,3300000,15,25950000,1730000,11,29050000,2640909.090909091,11,24325000,2211363.636363636,2310000,99130000
Başakşehir,2020-2021,44,26.9,17,7,3750000,535714.2857142857,20,21200000,1060000,6,9550000,1591666.6666666667,11,34725000,3156818.1818181816,1570000,69230000
Alanyaspor,2020-2021,32,27,12,4,1075000,268750,11,14475000,1315909.0909090908,9,20675000,2297222.222222222,8,13450000,1681250,1550000,49680000
Kasımpaşa,2020-2021,39,26.1,19,4,550000,137500,16,10250000,640625,6,16000000,2666666.6666666665,13,12075000,928846.153846154,997000,38880000
Karagümrük,2020-2021,44,27.1,23,5,875000,175000,20,15725000,786250,10,8375000,837500,9,13475000,1497222.2222222222,874000,38450000
Göztepe,2020-2021,42,26,17,5,3525000,705000,17,13275000,780882.3529411765,7,8625000,1232142.857142857,13,12100000,930769.2307692308,893000,37530000
Hatayspor,2020-2021,39,26.3,17,5,1550000,310000,15,10525000,701666.6666666666,8,7175000,896875,11,16900000,1536363.6363636365,927000,36150000
Sivasspor,2020-2021,33,29.1,15,5,2400000,480000,15,12925000,861666.6666666666,4,3475000,868750,9,11900000,1322222.2222222222,930000,30700000
Ç. Rizespor,2020-2021,42,27.7,21,5,3775000,755000,20,14850000,742500,5,3200000,640000,12,8875000,739583.3333333334,731000,30700000
Antalyaspor,2020-2021,37,26.2,12,4,700000,175000,14,14225000,1016071.4285714284,5,2000000,400000,14,13300000,950000,817000,30230000
Konyaspor,2020-2021,43,26.4,20,5,1275000,255000,19,15125000,796052.6315789474,6,5250000,875000,13,8225000,632692.3076923077,695000,29880000
Y. Malatyaspor,2020-2021,40,26.4,19,5,2900000,580000,17,11375000,669117.6470588235,6,6650000,1108333.3333333333,12,7550000,629166.6666666666,712000,28480000
Gaziantep FK,2020-2021,35,28,16,3,2275000,758333.3333333334,18,12275000,681944.4444444445,6,6025000,1004166.6666666666,8,6900000,862500,785000,27480000
Kayserispor,2020-2021,47,26,23,4,3000000,750000,20,7725000,386250,9,4950000,550000,14,7350000,525000,490000,23030000
Ankaragücü,2020-2021,42,25.4,18,5,1125000,225000,17,8650000,508823.5294117647,7,2325000,332142.85714285716,13,8600000,661538.4615384615,493000,20700000
Gençlerbirliği,2020-2021,43,25.5,14,6,1650000,275000,18,9075000,504166.6666666667,6,1725000,287500,13,3775000,290384.6153846154,377000,16230000
BB Erzurumspor,2020-2021,47,28.4,24,5,1025000,205000,20,6275000,313750,9,2050000,227777.77777777775,13,6175000,475000,330000,15530000
Denizlispor,2020-2021,45,25.9,18,6,675000,112500,21,5475000,260714.2857142857,5,3250000,650000,13,4775000,367307.6923076923,315000,14180000
Fenerbahçe,2021-2022,44,24.6,17,5,19725000,3945000,17,57100000,3358823.529411765,15,51750000,3450000,7,23550000,3364285.714285714,3460000,152130000
Galatasaray,2021-2022,46,26.9,21,6,6125000,1020833.3333333334,18,57675000,3204166.6666666665,7,18725000,2675000,15,48100000,3206666.6666666665,2840000,130630000
Trabzonspor,2021-2022,41,26.2,16,4,18475000,4618750,14,44525000,3180357.1428571427,10,26300000,2630000,13,34575000,2659615.3846153845,3020000,123880000
Beşiktaş,2021-2022,41,26.4,17,5,11225000,2245000,18,27950000,1552777.7777777778,9,26150000,2905555.5555555555,9,36200000,4022222.222222222,2480000,101530000
Başakşehir,2021-2022,42,27.1,14,4,1150000,287500,16,14650000,915625,9,16700000,1855555.5555555555,13,30375000,2336538.4615384615,1500000,62880000
Alanyaspor,2021-2022,41,25.4,16,4,400000,100000,16,21400000,1337500,11,14925000,1356818.181818182,10,15550000,1555000,1280000,52280000
Konyaspor,2021-2022,33,27.5,15,4,1600000,400000,13,16750000,1288461.5384615385,5,13100000,2620000,11,15450000,1404545.4545454546,1420000,46900000
Adana Demirspor,2021-2022,41,27,18,5,2750000,550000,16,16175000,1010937.5,7,3350000,478571.4285714286,13,23725000,1825000,1120000,46000000
Kasımpaşa,2021-2022,39,26.7,18,4,625000,156250,16,11300000,706250,6,10775000,1795833.3333333333,13,20450000,1573076.923076923,1110000,43150000
Kayserispor,2021-2022,47,26.1,20,6,4150000,691666.6666666666,16,14250000,890625,13,12875000,990384.6153846154,12,9625000,802083.3333333334,870000,40900000
Antalyaspor,2021-2022,41,26.5,18,5,1075000,215000,16,12800000,800000,8,3825000,478125,12,19950000,1662500,918000,37650000
Hatayspor,2021-2022,35,26.2,15,4,1700000,425000,14,9925000,708928.5714285715,8,8725000,1090625,9,15825000,1758333.3333333333,1030000,36180000
Karagümrük,2021-2022,40,27.2,19,4,550000,137500,17,12975000,763235.2941176471,10,7225000,722500,9,15400000,1711111.111111111,904000,36150000
Giresunspor,2021-2022,43,24.6,15,5,1300000,260000,20,10175000,508750,6,9825000,1637500,12,10400000,866666.6666666666,737000,31700000
Sivasspor,2021-2022,35,28.1,14,3,1050000,350000,17,14450000,850000,4,3650000,912500,11,11425000,1038636.3636363636,874000,30580000
Gaziantep FK,2021-2022,35,27.2,16,4,2650000,662500,14,9925000,708928.5714285715,8,10275000,1284375,9,7425000,825000,865000,30280000
Göztepe,2021-2022,49,24.7,16,5,2975000,595000,24,8525000,355208.3333333333,8,5275000,659375,12,7900000,658333.3333333334,504000,24680000
Ç. Rizespor,2021-2022,43,26.7,19,4,1975000,493750,18,5625000,312500,6,8925000,1487500,15,7475000,498333.3333333333,558000,24000000
Y. Malatyaspor,2021-2022,49,24.7,18,5,875000,175000,25,10050000,402000,5,1800000,360000,14,7650000,546428.5714285715,416000,20380000
Altay SK,2021-2022,36,27,13,4,1150000,287500,16,6750000,421875,6,3500000,583333.3333333334,10,2850000,285000,396000,14250000
Galatasaray,2022-2023,42,26.4,21,3,2675000,891666.6666666666,20,79775000,3988750,7,24250000,3464285.714285714,12,95950000,7995833.333333333,4830000,202650000
Fenerbahçe,2022-2023,43,26.1,21,4,13050000,3262500,20,75100000,3755000,9,49850000,5538888.888888889,10,55225000,5522500,4490000,193230000
Trabzonspor,2022-2023,47,25.5,18,4,12325000,3081250,20,48200000,2410000,9,34500000,3833333.3333333335,14,40275000,2876785.714285714,2880000,135300000
Beşiktaş,2022-2023,44,26.8,20,4,6500000,1625000,19,43825000,2306578.947368421,8,30950000,3868750,13,46425000,3571153.846153846,2900000,127700000
Başakşehir,2022-2023,43,27.1,23,4,1650000,412500,20,29800000,1490000,7,8075000,1153571.4285714286,12,35575000,2964583.3333333335,1750000,75100000
Adana Demirspor,2022-2023,44,27.8,23,3,925000,308333.3333333333,17,26600000,1564705.8823529412,7,5875000,839285.7142857143,17,24250000,1426470.5882352942,1310000,57650000
Konyaspor,2022-2023,38,26.9,20,4,1600000,400000,14,18150000,1296428.5714285714,7,15150000,2164285.714285714,13,13675000,1051923.076923077,1280000,48580000
Alanyaspor,2022-2023,42,25.8,20,6,1725000,287500,17,16450000,967647.0588235294,7,9650000,1378571.4285714286,12,15450000,1287500,1030000,43280000
Antalyaspor,2022-2023,43,26.4,18,5,1925000,385000,16,16175000,1010937.5,11,5775000,525000,11,17725000,1611363.6363636365,967000,41600000
Ankaragücü,2022-2023,51,26.5,21,5,2275000,455000,23,18450000,802173.9130434783,8,6675000,834375,15,13075000,871666.6666666666,794000,40480000
Karagümrük,2022-2023,40,26.9,21,4,950000,237500,15,17100000,1140000,11,6725000,611363.6363636364,10,15550000,1555000,1010000,40330000
Kasımpaşa,2022-2023,47,26.4,19,7,2650000,378571.4285714286,21,13600000,647619.0476190476,8,10725000,1340625,11,12250000,1113636.3636363635,835000,39230000
Kayserispor,2022-2023,36,26.1,15,4,1875000,468750,15,12550000,836666.6666666666,6,7500000,1250000,11,9125000,829545.4545454546,863000,31050000
Sivasspor,2022-2023,38,27.9,17,4,550000,137500,16,12275000,767187.5,7,7875000,1125000,11,8225000,747727.2727272727,761000,28930000
Gaziantep FK,2022-2023,30,27.1,16,3,2175000,725000,12,7800000,650000,7,6900000,985714.2857142856,8,7225000,903125,803000,24100000
Hatayspor,2022-2023,34,27.5,15,3,575000,191666.66666666663,14,6525000,466071.4285714286,6,2700000,450000,11,13225000,1202272.7272727273,677000,23030000
İstanbulspor,2022-2023,45,25.8,20,5,750000,150000,18,7825000,434722.22222222225,8,1925000,240625,14,7925000,566071.4285714285,409000,18430000
Giresunspor,2022-2023,36,25.2,12,5,575000,115000,19,9475000,498684.2105263158,5,2225000,445000,7,6100000,871428.5714285715,510000,18380000
Ümraniyespor,2022-2023,42,26.5,15,5,1875000,375000,13,3175000,244230.7692307692,12,1950000,162500,12,5050000,420833.3333333333,287000,12050000
Galatasaray,2023-2024,46,26.1,23,5,2725000,545000,16,108700000,6793750,8,23100000,2887500,17,121125000,7125000,5560000,255650000
Fenerbahçe,2023-2024,55,25,19,6,22550000,3758333.3333333335,23,100400000,4365217.391304348,10,47200000,4720000,16,48150000,3009375,3970000,218300000
Beşiktaş,2023-2024,49,26.1,21,5,3350000,670000,23,71550000,3110869.565217391,7,37275000,5325000,14,34700000,2478571.4285714286,3000000,146880000
Trabzonspor,2023-2024,40,25.7,18,4,9700000,2425000,16,35175000,2198437.5,9,25800000,2866666.6666666665,11,47700000,4336363.636363637,2960000,118380000
Başakşehir,2023-2024,43,27,21,4,2150000,537500,19,19325000,1017105.2631578948,9,14500000,1611111.111111111,11,18175000,1652272.7272727273,1260000,54150000
Adana Demirspor,2023-2024,52,26.2,29,7,1475000,210714.2857142857,18,21550000,1197222.2222222222,9,9500000,1055555.5555555555,18,20775000,1154166.6666666667,1030000,53300000
Samsunspor,2023-2024,41,26.4,18,5,1250000,250000,16,9550000,596875,8,8925000,1115625,12,15150000,1262500,851000,34880000
Ç. Rizespor,2023-2024,42,24.8,19,4,2350000,587500,16,13350000,834375,11,7675000,697727.2727272727,11,10775000,979545.4545454546,813000,34150000
Kayserispor,2023-2024,39,25.8,17,4,3175000,793750,19,12675000,667105.2631578947,6,6775000,1129166.6666666667,10,11425000,1142500,873000,34050000
Ankaragücü,2023-2024,43,26.3,21,5,1775000,355000,18,10500000,583333.3333333334,7,8575000,1225000,13,12525000,963461.5384615384,776000,33380000.000000004
Alanyaspor,2023-2024,37,26.4,16,3,175000,58333.333333333336,12,9675000,806250,13,11000000,846153.8461538461,9,11675000,1297222.2222222222,879000,32530000
Karagümrük,2023-2024,45,27.1,24,5,950000,190000,15,12400000,826666.6666666666,16,9550000,596875,9,9425000,1047222.2222222222,718000,32330000
Konyaspor,2023-2024,42,26.8,21,4,3300000,825000,17,11850000,697058.8235294118,6,6450000,1075000,15,10675000,711666.6666666666,768000,32280000
Antalyaspor,2023-2024,39,26.3,16,4,1350000,337500,17,9750000,573529.4117647059,10,7025000,702500,8,13350000,1668750,807000,31480000
Sivasspor,2023-2024,47,26.8,17,7,1000000,142857.14285714287,14,10775000,769642.8571428572,14,5625000,401785.71428571426,12,12975000,1081250,646000,30380000
Kasımpaşa,2023-2024,43,24.4,17,6,850000,141666.66666666666,15,14800000,986666.6666666666,7,6275000,896428.5714285715,15,7050000,470000,674000,28980000
Hatayspor,2023-2024,39,25.5,16,4,875000,218750,14,6200000,442857.1428571429,10,6400000,640000,11,15425000,1402272.7272727273,741000,28900000
Gaziantep FK,2023-2024,38,27.4,22,4,750000,187500,16,7300000,456250,7,6575000,939285.7142857144,11,9400000,854545.4545454546,632000,24030000
Pendikspor,2023-2024,42,28.5,17,4,1100000,275000,13,3875000,298076.92307692306,13,8025000,617307.6923076923,12,10375000,864583.3333333334,557000,23380000
İstanbulspor,2023-2024,44,24.7,16,5,450000,90000,16,3950000,246875,8,2525000,315625,15,6000000,400000,294000,12930000
Galatasaray,2024-2025,49,25.7,22,5,1875000,375000,22,115450000,5247727.2727272725,6,28850000,4808333.333333333,16,171100000,10693750,6480000,317280000
Fenerbahçe,2024-2025,44,27.2,19,5,12150000,2430000,21,145525000,6929761.904761905,7,42300000,6042857.142857143,11,69850000,6350000,6130000,269830000
Beşiktaş,2024-2025,40,26,21,4,3025000,756250,18,45800000,2544444.4444444445,8,41600000,5200000,10,46950000,4695000,3430000,137380000
Trabzonspor,2024-2025,49,24.9,18,7,10650000,1521428.5714285714,20,42975000,2148750,8,15250000,1906250,14,48800000,3485714.285714286,2400000,117680000
Başakşehir,2024-2025,39,26.8,19,4,2750000,687500,16,28825000,1801562.5,11,14250000,1295454.5454545454,8,19350000,2418750,1670000,65180000.00000001
Göztepe,2024-2025,36,24.9,16,5,2400000,480000,12,17425000,1452083.3333333333,12,12275000,1022916.6666666666,7,21500000,3071428.5714285714,1490000,53600000
Ç. Rizespor,2024-2025,36,25.8,16,5,2925000,585000,14,16900000,1207142.857142857,6,11900000,1983333.3333333333,11,9000000,818181.8181818182,1130000,40730000
Eyüpspor,2024-2025,44,27.4,12,4,6150000,1537500,18,8550000,475000,10,6825000,682500,12,13950000,1162500,806000,35480000
Kasımpaşa,2024-2025,49,23.8,17,5,650000,130000,22,19850000,902272.7272727272,7,5900000,842857.1428571428,15,8900000,593333.3333333334,720000,35300000
Samsunspor,2024-2025,37,25.2,15,4,2325000,581250,16,9525000,595312.5,8,8325000,1040625,9,13300000,1477777.7777777778,905000,33479999.999999996
Alanyaspor,2024-2025,44,24.5,16,5,225000,45000,13,9700000,746153.8461538461,15,8825000,588333.3333333334,11,7775000,706818.1818181818,603000,26530000
Gaziantep FK,2024-2025,43,25.7,16,5,875000,175000,18,10675000,593055.5555555555,9,5810000,645555.5555555555,11,6700000,609090.9090909091,560000,24060000
Konyaspor,2024-2025,44,26,17,6,1500000,250000,19,9800000,515789.4736842105,7,4175000,596428.5714285715,12,8100000,675000,536000,23580000
Kayserispor,2024-2025,41,25.3,15,4,2300000,575000,22,10725000,487500,5,3175000,635000,10,6175000,617500,546000,22380000
Antalyaspor,2024-2025,40,25.4,15,4,875000,218750,18,10800000,600000,8,4400000,550000,10,6000000,600000,552000,22080000
Bodrum FK,2024-2025,43,26.4,15,6,2100000,350000,18,6550000,363888.8888888889,7,3825000,546428.5714285715,12,8025000,668750,477000,20500000
Adana Demirspor,2024-2025,44,22.4,11,5,1200000,240000,14,7475000,533928.5714285715,11,4775000,434090.9090909091,14,6500000,464285.71428571426,453000,19950000
Hatayspor,2024-2025,34,25.2,14,4,1150000,287500,14,6100000,435714.28571428574,8,2200000,275000,8,8250000,1031250,521000,17700000
Sivasspor,2024-2025,45,25.8,16,5,350000,70000,17,4875000,286764.70588235295,10,4825000,482500,13,7150000,550000,382000,17200000
